idx,Rental bikes count
0,542
1,14
2,121
3,511
4,0
5,364
6,234
7,83
8,306
9,56
10,-1
11,9
12,166
13,272
14,68
15,176
16,36
17,222
18,28
19,381
20,215
21,225
22,111
23,73
24,209
25,358
26,397
27,56
28,837
29,307
30,141
31,128
32,548
33,480
34,433
35,227
36,255
37,79
38,251
39,235
40,-56
41,291
42,19
43,81
44,20
45,97
46,153
47,145
48,375
49,41
50,159
51,258
52,250
53,95
54,108
55,134
56,25
57,454
58,0
59,105
60,130
61,186
62,253
63,38
64,620
65,397
66,28
67,119
68,28
69,304
70,205
71,208
72,536
73,233
74,54
75,288
76,134
77,125
78,27
79,248
80,28
81,-47
82,115
83,680
84,240
85,320
86,287
87,639
88,5
89,448
90,127
91,332
92,1
93,597
94,277
95,5
96,199
97,6
98,39
99,33
100,428
101,354
102,337
103,3
104,15
105,186
106,169
107,12
108,303
109,3
110,8
111,652
112,182
113,201
114,51
115,430
116,25
117,418
118,12
119,506
120,126
121,19
122,362
123,445
124,45
125,259
126,317
127,187
128,41
129,176
130,-7
131,89
132,189
133,215
134,90
135,84
136,291
137,3
138,9
139,108
140,123
141,711
142,19
143,539
144,49
145,189
146,60
147,211
148,27
149,111
150,9
151,343
152,1
153,491
154,164
155,274
156,269
157,147
158,423
159,62
160,131
161,5
162,236
163,87
164,431
165,793
166,43
167,78
168,502
169,313
170,262
171,626
172,54
173,441
174,0
175,246
176,20
177,127
178,173
179,444
180,126
181,230
182,15
183,9
184,180
185,71
186,165
187,177
188,14
189,115
190,458
191,15
192,215
193,42
194,151
195,127
196,0
197,26
198,290
199,361
200,125
201,156
202,563
203,5
204,-12
205,287
206,6
207,93
208,165
209,112
210,114
211,38
212,86
213,251
214,101
215,142
216,102
217,112
218,247
219,166
220,170
221,136
222,9
223,209
224,181
225,218
226,172
227,257
228,21
229,109
230,28
231,12
232,238
233,68
234,665
235,137
236,20
237,354
238,107
239,441
240,83
241,205
242,161
243,413
244,187
245,40
246,398
247,146
248,12
249,140
250,133
251,155
252,408
253,354
254,-3
255,14
256,155
257,233
258,279
259,82
260,15
261,317
262,6
263,9
264,48
265,144
266,274
267,218
268,83
269,57
270,336
271,214
272,192
273,182
274,9
275,335
276,410
277,8
278,2
279,40
280,18
281,95
282,150
283,427
284,311
285,240
286,335
287,15
288,210
289,216
290,382
291,7
292,174
293,164
294,6
295,97
296,3
297,102
298,272
299,69
300,83
301,79
302,430
303,22
304,7
305,3
306,558
307,-5
308,9
309,47
310,442
311,80
312,169
313,5
314,351
315,9
316,399
317,330
318,329
319,169
320,370
321,538
322,142
323,22
324,17
325,89
326,0
327,111
328,111
329,58
330,354
331,538
332,76
333,-1
334,266
335,-1
336,9
337,593
338,333
339,439
340,381
341,408
342,120
343,165
344,169
345,288
346,181
347,20
348,7
349,43
350,68
351,6
352,35
353,191
354,367
355,44
356,16
357,176
358,37
359,388
360,9
361,255
362,77
363,495
364,52
365,26
366,34
367,111
368,427
369,314
370,299
371,0
372,145
373,915
374,169
375,263
376,20
377,-4
378,363
379,566
380,10
381,8
382,141
383,47
384,327
385,9
386,537
387,147
388,321
389,92
390,144
391,15
392,197
393,177
394,2
395,370
396,22
397,239
398,259
399,185
400,125
401,352
402,82
403,190
404,27
405,224
406,161
407,174
408,143
409,4
410,628
411,111
412,69
413,436
414,138
415,163
416,150
417,24
418,147
419,4
420,3
421,196
422,396
423,31
424,14
425,196
426,110
427,44
428,197
429,106
430,147
431,72
432,189
433,305
434,46
435,396
436,241
437,426
438,30
439,63
440,365
441,596
442,160
443,198
444,-2
445,125
446,9
447,118
448,234
449,6
450,100
451,325
452,471
453,293
454,262
455,78
456,46
457,18
458,635
459,269
460,75
461,302
462,522
463,169
464,102
465,102
466,5
467,278
468,568
469,286
470,-12
471,169
472,27
473,72
474,169
475,-20
476,77
477,291
478,201
479,162
480,143
481,6
482,4
483,31
484,245
485,74
486,210
487,88
488,8
489,2
490,213
491,20
492,253
493,237
494,303
495,222
496,357
497,27
498,8
499,141
500,170
501,219
502,237
503,40
504,5
505,27
506,312
507,74
508,227
509,92
510,176
511,37
512,394
513,397
514,74
515,239
516,713
517,795
518,333
519,107
520,33
521,312
522,104
523,165
524,146
525,167
526,11
527,274
528,191
529,155
530,128
531,144
532,23
533,208
534,113
535,3
536,9
537,186
538,281
539,212
540,174
541,6
542,381
543,174
544,375
545,93
546,18
547,11
548,253
549,13
550,306
551,124
552,156
553,359
554,156
555,174
556,174
557,420
558,264
559,406
560,221
561,108
562,90
563,9
564,54
565,273
566,70
567,370
568,164
569,353
570,231
571,26
572,107
573,102
574,71
575,1
576,558
577,53
578,496
579,689
580,286
581,116
582,213
583,47
584,305
585,141
586,297
587,230
588,304
589,31
590,77
591,7
592,387
593,340
594,130
595,543
596,5
597,193
598,17
599,116
600,6
601,49
602,95
603,574
604,389
605,88
606,267
607,351
608,462
609,404
610,4
611,73
612,42
613,122
614,3
615,1
616,230
617,269
618,18
619,294
620,15
621,184
622,99
623,631
624,140
625,26
626,218
627,375
628,25
629,70
630,432
631,612
632,393
633,453
634,347
635,282
636,180
637,93
638,8
639,137
640,140
641,16
642,41
643,160
644,59
645,118
646,438
647,52
648,16
649,92
650,54
651,68
652,503
653,273
654,12
655,360
656,160
657,45
658,26
659,109
660,114
661,164
662,317
663,261
664,192
665,8
666,94
667,3
668,197
669,394
670,259
671,106
672,417
673,115
674,10
675,484
676,381
677,240
678,11
679,69
680,101
681,229
682,570
683,611
684,216
685,104
686,312
687,222
688,76
689,149
690,465
691,156
692,349
693,150
694,134
695,349
696,297
697,7
698,453
699,3
700,44
701,198
702,14
703,123
704,162
705,5
706,421
707,191
708,25
709,38
710,473
711,346
712,203
713,24
714,364
715,265
716,346
717,304
718,79
719,381
720,286
721,21
722,161
723,384
724,63
725,189
726,9
727,234
728,215
729,624
730,215
731,36
732,233
733,297
734,366
735,19
736,171
737,171
738,135
739,436
740,265
741,512
742,221
743,168
744,18
745,97
746,257
747,14
748,140
749,24
750,374
751,230
752,282
753,211
754,37
755,527
756,660
757,167
758,224
759,206
760,192
761,312
762,286
763,-1
764,95
765,14
766,263
767,200
768,452
769,197
770,455
771,442
772,30
773,153
774,520
775,137
776,127
777,0
778,225
779,304
780,440
781,313
782,79
783,205
784,68
785,0
786,84
787,9
788,284
789,600
790,51
791,2
792,20
793,106
794,281
795,63
796,11
797,483
798,182
799,93
800,12
801,0
802,6
803,139
804,189
805,208
806,102
807,-2
808,17
809,183
810,53
811,65
812,225
813,92
814,33
815,61
816,586
817,103
818,5
819,34
820,53
821,448
822,157
823,78
824,68
825,186
826,506
827,235
828,17
829,364
830,219
831,200
832,264
833,98
834,548
835,203
836,183
837,10
838,77
839,341
840,534
841,155
842,162
843,34
844,285
845,35
846,56
847,32
848,160
849,163
850,107
851,813
852,76
853,233
854,109
855,12
856,50
857,423
858,106
859,293
860,150
861,112
862,598
863,130
864,-20
865,20
866,54
867,298
868,644
869,433
870,17
871,6
872,321
873,385
874,145
875,19
876,323
877,509
878,582
879,157
880,334
881,18
882,243
883,36
884,4
885,198
886,199
887,52
888,308
889,154
890,368
891,99
892,194
893,108
894,92
895,66
896,216
897,9
898,213
899,157
900,692
901,20
902,149
903,282
904,18
905,93
906,259
907,521
908,478
909,64
910,347
911,133
912,219
913,34
914,55
915,430
916,27
917,244
918,650
919,102
920,78
921,3
922,-14
923,343
924,36
925,43
926,138
927,210
928,3
929,467
930,368
931,156
932,225
933,18
934,176
935,130
936,250
937,148
938,5
939,109
940,351
941,309
942,485
943,-1
944,208
945,75
946,151
947,6
948,145
949,171
950,108
951,265
952,70
953,278
954,342
955,423
956,284
957,16
958,359
959,251
960,119
961,172
962,163
963,29
964,319
965,231
966,162
967,6
968,68
969,626
970,160
971,-1
972,79
973,428
974,402
975,5
976,29
977,21
978,0
979,15
980,430
981,150
982,94
983,79
984,7
985,21
986,9
987,189
988,61
989,75
990,64
991,10
992,330
993,25
994,228
995,236
996,213
997,115
998,611
999,187
1000,218
1001,180
1002,84
1003,62
1004,121
1005,214
1006,188
1007,72
1008,102
1009,141
1010,91
1011,7
1012,462
1013,262
1014,281
1015,284
1016,46
1017,231
1018,3
1019,28
1020,169
1021,264
1022,409
1023,241
1024,1
1025,60
1026,24
1027,136
1028,669
1029,19
1030,299
1031,170
1032,12
1033,13
1034,18
1035,0
1036,52
1037,10
1038,8
1039,16
1040,469
1041,1
1042,468
1043,19
1044,193
1045,96
1046,0
1047,7
1048,5
1049,4
1050,224
1051,135
1052,304
1053,292
1054,478
1055,235
1056,20
1057,215
1058,156
1059,7
1060,60
1061,610
1062,120
1063,262
1064,236
1065,43
1066,505
1067,260
1068,16
1069,130
1070,29
1071,123
1072,167
1073,299
1074,111
1075,41
1076,618
1077,148
1078,70
1079,327
1080,422
1081,239
1082,0
1083,0
1084,186
1085,152
1086,34
1087,264
1088,290
1089,156
1090,633
1091,902
1092,120
1093,132
1094,34
1095,88
1096,83
1097,227
1098,185
1099,252
1100,157
1101,204
1102,9
1103,3
1104,496
1105,6
1106,262
1107,441
1108,357
1109,226
1110,22
1111,13
1112,818
1113,361
1114,239
1115,337
1116,92
1117,108
1118,23
1119,123
1120,179
1121,145
1122,261
1123,58
1124,260
1125,210
1126,112
1127,332
1128,22
1129,30
1130,572
1131,212
1132,123
1133,306
1134,65
1135,358
1136,27
1137,222
1138,201
1139,112
1140,358
1141,4
1142,365
1143,519
1144,28
1145,227
1146,10
1147,103
1148,121
1149,374
1150,571
1151,165
1152,638
1153,39
1154,210
1155,20
1156,15
1157,269
1158,590
1159,82
1160,126
1161,338
1162,139
1163,399
1164,6
1165,343
1166,6
1167,408
1168,293
1169,109
1170,192
1171,28
1172,322
1173,68
1174,101
1175,74
1176,136
1177,255
1178,680
1179,236
1180,173
1181,17
1182,207
1183,18
1184,93
1185,162
1186,21
1187,10
1188,218
1189,180
1190,47
1191,376
1192,217
1193,71
1194,410
1195,310
1196,82
1197,168
1198,137
1199,16
1200,281
1201,185
1202,9
1203,150
1204,167
1205,214
1206,289
1207,127
1208,372
1209,280
1210,44
1211,470
1212,257
1213,369
1214,34
1215,18
1216,201
1217,-3
1218,620
1219,218
1220,318
1221,252
1222,70
1223,372
1224,271
1225,135
1226,3
1227,85
1228,159
1229,27
1230,-5
1231,63
1232,240
1233,37
1234,231
1235,549
1236,400
1237,128
1238,-7
1239,546
1240,53
1241,340
1242,68
1243,770
1244,233
1245,86
1246,437
1247,70
1248,154
1249,247
1250,26
1251,127
1252,265
1253,279
1254,220
1255,59
1256,95
1257,16
1258,238
1259,438
1260,49
1261,246
1262,31
1263,107
1264,850
1265,167
1266,251
1267,219
1268,140
1269,80
1270,337
1271,62
1272,248
1273,746
1274,15
1275,9
1276,233
1277,6
1278,212
1279,168
1280,65
1281,33
1282,126
1283,327
1284,12
1285,17
1286,276
1287,308
1288,441
1289,336
1290,39
1291,6
1292,45
1293,165
1294,25
1295,776
1296,277
1297,511
1298,217
1299,403
1300,39
1301,467
1302,78
1303,17
1304,6
1305,169
1306,5
1307,5
1308,179
1309,228
1310,13
1311,34
1312,291
1313,459
1314,10
1315,235
1316,245
1317,126
1318,53
1319,102
1320,26
1321,488
1322,202
1323,111
1324,395
1325,13
1326,289
1327,79
1328,299
1329,299
1330,350
1331,840
1332,25
1333,367
1334,53
1335,245
1336,374
1337,284
1338,103
1339,21
1340,89
1341,13
1342,173
1343,623
1344,5
1345,51
1346,96
1347,189
1348,241
1349,100
1350,308
1351,118
1352,416
1353,17
1354,540
1355,31
1356,87
1357,284
1358,1
1359,172
1360,11
1361,89
1362,378
1363,668
1364,220
1365,246
1366,92
1367,36
1368,111
1369,529
1370,406
1371,262
1372,141
1373,68
1374,104
1375,257
1376,270
1377,459
1378,54
1379,13
1380,336
1381,46
1382,229
1383,111
1384,378
1385,15
1386,7
1387,72
1388,218
1389,513
1390,117
1391,383
1392,20
1393,-9
1394,218
1395,117
1396,578
1397,186
1398,78
1399,8
1400,52
1401,184
1402,141
1403,-1
1404,11
1405,58
1406,229
1407,285
1408,9
1409,233
1410,35
1411,457
1412,2
1413,203
1414,348
1415,406
1416,517
1417,393
1418,343
1419,276
1420,449
1421,108
1422,255
1423,26
1424,125
1425,146
1426,480
1427,17
1428,69
1429,155
1430,6
1431,147
1432,142
1433,369
1434,17
1435,30
1436,4
1437,0
1438,81
1439,107
1440,227
1441,123
1442,124
1443,405
1444,162
1445,13
1446,146
1447,182
1448,-1
1449,572
1450,47
1451,4
1452,162
1453,187
1454,205
1455,5
1456,320
1457,349
1458,456
1459,14
1460,54
1461,183
1462,180
1463,5
1464,8
1465,14
1466,521
1467,24
1468,14
1469,208
1470,1
1471,291
1472,199
1473,284
1474,325
1475,78
1476,151
1477,232
1478,187
1479,338
1480,204
1481,503
1482,6
1483,128
1484,63
1485,100
1486,327
1487,42
1488,13
1489,194
1490,342
1491,28
1492,369
1493,53
1494,183
1495,414
1496,5
1497,4
1498,456
1499,523
1500,239
1501,0
1502,165
1503,402
1504,190
1505,115
1506,111
1507,189
1508,12
1509,4
1510,34
1511,9
1512,291
1513,222
1514,10
1515,22
1516,54
1517,0
1518,9
1519,226
1520,103
1521,68
1522,75
1523,52
1524,144
1525,26
1526,214
1527,168
1528,108
1529,684
1530,416
1531,220
1532,548
1533,360
1534,394
1535,43
1536,108
1537,230
1538,359
1539,105
1540,14
1541,284
1542,257
1543,84
1544,18
1545,78
1546,280
1547,512
1548,40
1549,172
1550,186
1551,518
1552,4
1553,166
1554,147
1555,248
1556,225
1557,228
1558,168
1559,235
1560,68
1561,38
1562,90
1563,88
1564,104
1565,78
1566,294
1567,90
1568,443
1569,35
1570,189
1571,574
1572,104
1573,156
1574,250
1575,83
1576,512
1577,398
1578,174
1579,-2
1580,54
1581,1
1582,384
1583,147
1584,76
1585,472
1586,247
1587,7
1588,72
1589,7
1590,359
1591,217
1592,10
1593,114
1594,238
1595,377
1596,30
1597,325
1598,86
1599,188
1600,211
1601,-9
1602,299
1603,117
1604,109
1605,741
1606,163
1607,240
1608,0
1609,284
1610,167
1611,50
1612,15
1613,219
1614,125
1615,9
1616,0
1617,420
1618,567
1619,214
1620,10
1621,434
1622,115
1623,97
1624,3
1625,165
1626,4
1627,59
1628,158
1629,52
1630,51
1631,64
1632,67
1633,640
1634,101
1635,112
1636,18
1637,150
1638,109
1639,87
1640,8
1641,114
1642,425
1643,442
1644,230
1645,112
1646,11
1647,418
1648,409
1649,580
1650,150
1651,88
1652,318
1653,278
1654,10
1655,741
1656,25
1657,3
1658,10
1659,306
1660,450
1661,10
1662,246
1663,3
1664,351
1665,191
1666,5
1667,15
1668,73
1669,226
1670,35
1671,443
1672,4
1673,92
1674,99
1675,284
1676,308
1677,24
1678,6
1679,431
1680,138
1681,379
1682,440
1683,318
1684,238
1685,498
1686,561
1687,13
1688,84
1689,177
1690,502
1691,161
1692,4
1693,84
1694,4
1695,137
1696,224
1697,650
1698,219
1699,3
1700,277
1701,37
1702,294
1703,228
1704,178
1705,5
1706,48
1707,465
1708,184
1709,91
1710,89
1711,17
1712,131
1713,31
1714,307
1715,448
1716,179
1717,441
1718,422
1719,91
1720,40
1721,21
1722,222
1723,13
1724,263
1725,275
1726,56
1727,300
1728,260
1729,42
1730,10
1731,654
1732,152
1733,18
1734,391
1735,121
1736,348
1737,227
1738,2
1739,299
1740,213
1741,318
1742,573
1743,89
1744,467
1745,65
1746,425
1747,61
1748,292
1749,34
1750,0
1751,33
1752,50
1753,231
1754,-6
1755,208
1756,6
1757,509
1758,85
1759,430
1760,29
1761,307
1762,79
1763,31
1764,221
1765,44
1766,27
1767,287
1768,12
1769,38
1770,828
1771,94
1772,650
1773,5
1774,291
1775,281
1776,148
1777,211
1778,10
1779,161
1780,263
1781,214
1782,16
1783,0
1784,11
1785,118
1786,470
1787,196
1788,183
1789,454
1790,237
1791,42
1792,262
1793,362
1794,141
1795,202
1796,10
1797,269
1798,84
1799,82
1800,9
1801,7
1802,312
1803,854
1804,137
1805,504
1806,132
1807,196
1808,-5
1809,130
1810,222
1811,374
1812,264
1813,114
1814,44
1815,111
1816,121
1817,265
1818,7
1819,49
1820,256
1821,36
1822,111
1823,212
1824,289
1825,-5
1826,217
1827,223
1828,14
1829,14
1830,211
1831,246
1832,420
1833,28
1834,439
1835,231
1836,73
1837,40
1838,202
1839,15
1840,205
1841,3
1842,158
1843,319
1844,810
1845,10
1846,52
1847,389
1848,201
1849,469
1850,266
1851,391
1852,25
1853,515
1854,43
1855,204
1856,17
1857,222
1858,149
1859,19
1860,381
1861,24
1862,416
1863,295
1864,89
1865,70
1866,271
1867,120
1868,92
1869,148
1870,305
1871,72
1872,144
1873,2
1874,149
1875,135
1876,253
1877,153
1878,34
1879,211
1880,493
1881,224
1882,34
1883,109
1884,6
1885,82
1886,33
1887,351
1888,2
1889,99
1890,9
1891,406
1892,10
1893,97
1894,1
1895,62
1896,-1
1897,3
1898,175
1899,54
1900,364
1901,153
1902,10
1903,286
1904,44
1905,261
1906,145
1907,214
1908,17
1909,0
1910,870
1911,450
1912,125
1913,3
1914,255
1915,11
1916,483
1917,27
1918,82
1919,155
1920,160
1921,365
1922,49
1923,106
1924,143
1925,133
1926,249
1927,206
1928,-24
1929,14
1930,210
1931,185
1932,22
1933,211
1934,191
1935,1
1936,488
1937,219
1938,136
1939,740
1940,104
1941,114
1942,47
1943,376
1944,193
1945,149
1946,104
1947,459
1948,8
1949,59
1950,222
1951,308
1952,126
1953,181
1954,248
1955,201
1956,31
1957,269
1958,479
1959,210
1960,40
1961,122
1962,7
1963,162
1964,107
1965,277
1966,66
1967,376
1968,12
1969,6
1970,-14
1971,-30
1972,-1
1973,71
1974,-1
1975,172
1976,80
1977,231
1978,9
1979,277
1980,427
1981,34
1982,100
1983,180
1984,41
1985,96
1986,343
1987,262
1988,279
1989,109
1990,5
1991,6
1992,6
1993,76
1994,490
1995,154
1996,89
1997,63
1998,336
1999,275
2000,565
2001,16
2002,423
2003,41
2004,7
2005,235
2006,559
2007,463
2008,9
2009,9
2010,209
2011,16
2012,208
2013,201
2014,86
2015,107
2016,79
2017,93
2018,58
2019,302
2020,152
2021,17
2022,320
2023,200
2024,377
2025,40
2026,51
2027,7
2028,432
2029,17
2030,134
2031,7
2032,395
2033,20
2034,292
2035,10
2036,374
2037,115
2038,143
2039,0
2040,44
2041,644
2042,117
2043,85
2044,173
2045,12
2046,206
2047,486
2048,111
2049,430
2050,215
2051,8
2052,13
2053,85
2054,299
2055,57
2056,28
2057,321
2058,164
2059,36
2060,341
2061,147
2062,2
2063,185
2064,173
2065,267
2066,222
2067,236
2068,123
2069,221
2070,113
2071,-16
2072,60
2073,129
2074,96
2075,461
2076,11
2077,660
2078,245
2079,96
2080,10
2081,159
2082,12
2083,230
2084,126
2085,222
2086,220
2087,105
2088,635
2089,128
2090,74
2091,265
2092,216
2093,174
2094,111
2095,-40
2096,20
2097,264
2098,4
2099,137
2100,70
2101,250
2102,260
2103,286
2104,354
2105,42
2106,317
2107,-5
2108,156
2109,147
2110,255
2111,64
2112,285
2113,323
2114,425
2115,41
2116,150
2117,139
2118,649
2119,2
2120,232
2121,260
2122,28
2123,494
2124,544
2125,8
2126,422
2127,11
2128,90
2129,162
2130,450
2131,11
2132,205
2133,362
2134,373
2135,618
2136,7
2137,240
2138,223
2139,345
2140,65
2141,20
2142,101
2143,839
2144,87
2145,69
2146,380
2147,467
2148,67
2149,112
2150,70
2151,169
2152,88
2153,363
2154,622
2155,81
2156,50
2157,228
2158,216
2159,28
2160,330
2161,14
2162,70
2163,656
2164,291
2165,150
2166,49
2167,231
2168,228
2169,52
2170,154
2171,179
2172,475
2173,361
2174,67
2175,664
2176,30
2177,132
2178,387
2179,138
2180,407
2181,292
2182,63
2183,58
2184,15
2185,2
2186,6
2187,219
2188,132
2189,164
2190,366
2191,259
2192,191
2193,580
2194,121
2195,49
2196,344
2197,234
2198,-22
2199,33
2200,127
2201,373
2202,157
2203,463
2204,247
2205,25
2206,464
2207,40
2208,339
2209,5
2210,118
2211,300
2212,358
2213,467
2214,232
2215,137
2216,316
2217,-13
2218,264
2219,12
2220,76
2221,30
2222,320
2223,78
2224,-5
2225,121
2226,171
2227,23
2228,457
2229,-1
2230,60
2231,260
2232,82
2233,299
2234,255
2235,245
2236,366
2237,218
2238,60
2239,73
2240,8
2241,736
2242,5
2243,20
2244,2
2245,42
2246,125
2247,85
2248,56
2249,176
2250,83
2251,21
2252,274
2253,300
2254,237
2255,174
2256,246
2257,184
2258,216
2259,7
2260,221
2261,157
2262,520
2263,207
2264,357
2265,173
2266,20
2267,282
2268,31
2269,14
2270,53
2271,126
2272,120
2273,439
2274,1
2275,196
2276,214
2277,98
2278,29
2279,33
2280,499
2281,5
2282,334
2283,492
2284,16
2285,496
2286,297
2287,16
2288,287
2289,646
2290,82
2291,15
2292,70
2293,72
2294,-7
2295,278
2296,390
2297,281
2298,20
2299,619
2300,97
2301,275
2302,93
2303,855
2304,173
2305,13
2306,317
2307,130
2308,151
2309,149
2310,501
2311,199
2312,229
2313,410
2314,72
2315,24
2316,231
2317,204
2318,397
2319,119
2320,284
2321,166
2322,34
2323,35
2324,28
2325,792
2326,105
2327,42
2328,173
2329,56
2330,195
2331,213
2332,201
2333,292
2334,123
2335,16
2336,127
2337,379
2338,277
2339,220
2340,14
2341,142
2342,234
2343,124
2344,72
2345,210
2346,24
2347,182
2348,40
2349,78
2350,204
2351,244
2352,223
2353,34
2354,154
2355,105
2356,152
2357,304
2358,142
2359,337
2360,486
2361,98
2362,27
2363,15
2364,81
2365,181
2366,203
2367,565
2368,4
2369,117
2370,206
2371,484
2372,317
2373,4
2374,218
2375,15
2376,258
2377,169
2378,170
2379,14
2380,266
2381,1
2382,189
2383,2
2384,430
2385,29
2386,426
2387,149
2388,191
2389,30
2390,-7
2391,104
2392,15
2393,9
2394,82
2395,83
2396,433
2397,30
2398,190
2399,365
2400,37
2401,381
2402,196
2403,299
2404,66
2405,6
2406,20
2407,34
2408,21
2409,15
2410,203
2411,492
2412,81
2413,4
2414,82
2415,200
2416,7
2417,114
2418,327
2419,75
2420,28
2421,195
2422,365
2423,135
2424,99
2425,280
2426,174
2427,139
2428,17
2429,-27
2430,30
2431,673
2432,561
2433,34
2434,132
2435,116
2436,46
2437,170
2438,208
2439,664
2440,54
2441,155
2442,82
2443,707
2444,181
2445,446
2446,91
2447,149
2448,63
2449,375
2450,62
2451,66
2452,152
2453,13
2454,147
2455,40
2456,37
2457,105
2458,141
2459,183
2460,109
2461,231
2462,112
2463,51
2464,401
2465,70
2466,388
2467,176
2468,469
2469,62
2470,2
2471,152
2472,20
2473,203
2474,109
2475,390
2476,380
2477,386
2478,171
2479,76
2480,106
2481,232
2482,17
2483,781
2484,385
2485,68
2486,167
2487,-7
2488,175
2489,440
2490,146
2491,6
2492,181
2493,48
2494,261
2495,312
2496,12
2497,23
2498,294
2499,23
2500,20
2501,21
2502,23
2503,148
2504,20
2505,311
2506,31
2507,352
2508,296
2509,34
2510,258
2511,233
2512,372
2513,223
2514,100
2515,370
2516,128
2517,49
2518,445
2519,575
2520,119
2521,18
2522,68
2523,252
2524,408
2525,0
2526,185
2527,76
2528,135
2529,371
2530,13
2531,146
2532,58
2533,132
2534,404
2535,360
2536,49
2537,185
2538,236
2539,103
2540,136
2541,251
2542,183
2543,151
2544,55
2545,36
2546,375
2547,477
2548,32
2549,426
2550,164
2551,30
2552,159
2553,467
2554,226
2555,88
2556,173
2557,17
2558,2
2559,12
2560,713
2561,192
2562,48
2563,77
2564,207
2565,346
2566,293
2567,253
2568,321
2569,231
2570,109
2571,263
2572,267
2573,42
2574,181
2575,121
2576,70
2577,8
2578,294
2579,45
2580,217
2581,686
2582,0
2583,99
2584,0
2585,35
2586,375
2587,165
2588,230
2589,111
2590,36
2591,207
2592,15
2593,34
2594,416
2595,171
2596,17
2597,107
2598,37
2599,64
2600,248
2601,28
2602,293
2603,16
2604,214
2605,546
2606,213
2607,220
2608,141
2609,370
2610,282
2611,-6
2612,381
2613,101
2614,330
2615,5
2616,45
2617,236
2618,387
2619,49
2620,638
2621,563
2622,366
2623,455
2624,45
2625,419
2626,180
2627,116
2628,607
2629,502
2630,133
2631,129
2632,70
2633,87
2634,10
2635,4
2636,536
2637,34
2638,23
2639,1
2640,29
2641,181
2642,280
2643,503
2644,71
2645,193
2646,228
2647,19
2648,44
2649,158
2650,157
2651,556
2652,319
2653,116
2654,115
2655,8
2656,209
2657,233
2658,199
2659,195
2660,9
2661,244
2662,164
2663,96
2664,134
2665,693
2666,117
2667,160
2668,16
2669,88
2670,40
2671,101
2672,398
2673,361
2674,40
2675,3
2676,297
2677,160
2678,17
2679,74
2680,64
2681,25
2682,9
2683,303
2684,11
2685,187
2686,4
2687,324
2688,443
2689,77
2690,148
2691,150
2692,283
2693,188
2694,465
2695,21
2696,304
2697,330
2698,122
2699,337
2700,120
2701,451
2702,232
2703,75
2704,5
2705,2
2706,18
2707,17
2708,368
2709,145
2710,242
2711,58
2712,247
2713,222
2714,328
2715,573
2716,239
2717,15
2718,233
2719,81
2720,43
2721,6
2722,135
2723,249
2724,329
2725,416
2726,35
2727,199
2728,221
2729,11
2730,30
2731,10
2732,212
2733,3
2734,6
2735,242
2736,798
2737,212
2738,69
2739,200
2740,-4
2741,137
2742,184
2743,64
2744,258
2745,404
2746,9
2747,361
2748,61
2749,429
2750,302
2751,7
2752,517
2753,25
2754,296
2755,246
2756,246
2757,192
2758,104
2759,59
2760,302
2761,636
2762,5
2763,43
2764,223
2765,668
2766,128
2767,406
2768,25
2769,324
2770,345
2771,91
2772,680
2773,356
2774,245
2775,1
2776,171
2777,275
2778,218
2779,177
2780,107
2781,692
2782,287
2783,126
2784,158
2785,392
2786,27
2787,390
2788,131
2789,70
2790,135
2791,251
2792,197
2793,77
2794,251
2795,487
2796,459
2797,280
2798,388
2799,92
2800,148
2801,184
2802,451
2803,83
2804,361
2805,346
2806,185
2807,633
2808,7
2809,56
2810,26
2811,541
2812,344
2813,246
2814,13
2815,132
2816,22
2817,433
2818,-1
2819,269
2820,45
2821,4
2822,200
2823,367
2824,177
2825,184
2826,6
2827,52
2828,164
2829,18
2830,34
2831,57
2832,635
2833,107
2834,287
2835,127
2836,10
2837,410
2838,-20
2839,12
2840,306
2841,809
2842,221
2843,1
2844,68
2845,6
2846,287
2847,36
2848,160
2849,56
2850,70
2851,279
2852,24
2853,311
2854,157
2855,157
2856,585
2857,5
2858,168
2859,28
2860,738
2861,362
2862,35
2863,217
2864,351
2865,69
2866,165
2867,67
2868,227
2869,367
2870,19
2871,182
2872,17
2873,241
2874,851
2875,12
2876,77
2877,17
2878,166
2879,21
2880,174
2881,840
2882,224
2883,23
2884,325
2885,47
2886,176
2887,44
2888,0
2889,166
2890,83
2891,15
2892,153
2893,22
2894,198
2895,77
2896,725
2897,238
2898,157
2899,0
2900,23
2901,18
2902,275
2903,116
2904,326
2905,548
2906,191
2907,23
2908,491
2909,339
2910,29
2911,158
2912,202
2913,114
2914,25
2915,13
2916,40
2917,123
2918,9
2919,181
2920,161
2921,164
2922,70
2923,402
2924,127
2925,424
2926,28
2927,357
2928,57
2929,222
2930,87
2931,118
2932,396
2933,270
2934,27
2935,122
2936,58
2937,86
2938,24
2939,159
2940,4
2941,159
2942,458
2943,228
2944,322
2945,669
2946,240
2947,50
2948,245
2949,300
2950,8
2951,297
2952,21
2953,402
2954,161
2955,503
2956,37
2957,110
2958,-9
2959,232
2960,328
2961,302
2962,574
2963,179
2964,17
2965,2
2966,3
2967,223
2968,9
2969,80
2970,92
2971,81
2972,131
2973,350
2974,698
2975,64
2976,179
2977,313
2978,400
2979,432
2980,148
2981,335
2982,288
2983,325
2984,17
2985,174
2986,274
2987,196
2988,666
2989,422
2990,197
2991,451
2992,247
2993,35
2994,505
2995,10
2996,58
2997,230
2998,327
2999,476
3000,290
3001,138
3002,233
3003,182
3004,65
3005,50
3006,10
3007,61
3008,26
3009,643
3010,236
3011,428
3012,80
3013,74
3014,301
3015,124
3016,204
3017,9
3018,112
3019,71
3020,444
3021,22
3022,287
3023,166
3024,219
3025,0
3026,26
3027,414
3028,109
3029,148
3030,219
3031,217
3032,60
3033,238
3034,120
3035,180
3036,7
3037,32
3038,278
3039,6
3040,90
3041,26
3042,9
3043,45
3044,53
3045,120
3046,16
3047,-16
3048,151
3049,555
3050,341
3051,108
3052,898
3053,80
3054,251
3055,63
3056,178
3057,3
3058,17
3059,200
3060,815
3061,337
3062,164
3063,2
3064,369
3065,343
3066,396
3067,292
3068,443
3069,324
3070,6
3071,428
3072,10
3073,356
3074,466
3075,90
3076,158
3077,320
3078,491
3079,192
3080,0
3081,30
3082,236
3083,663
3084,13
3085,86
3086,46
3087,741
3088,4
3089,184
3090,545
3091,32
3092,94
3093,374
3094,115
3095,139
3096,524
3097,332
3098,186
3099,45
3100,67
3101,166
3102,20
3103,129
3104,187
3105,120
3106,176
3107,85
3108,8
3109,14
3110,183
3111,232
3112,85
3113,497
3114,130
3115,101
3116,635
3117,11
3118,1
3119,156
3120,192
3121,8
3122,15
3123,249
3124,155
3125,674
3126,678
3127,98
3128,261
3129,70
3130,115
3131,230
3132,55
3133,108
3134,27
3135,361
3136,-2
3137,325
3138,21
3139,580
3140,38
3141,224
3142,558
3143,155
3144,290
3145,215
3146,84
3147,184
3148,50
3149,539
3150,229
3151,74
3152,341
3153,209
3154,246
3155,42
3156,68
3157,251
3158,157
3159,27
3160,376
3161,279
3162,164
3163,332
3164,29
3165,164
3166,335
3167,3
3168,12
3169,85
3170,93
3171,181
3172,64
3173,284
3174,51
3175,610
3176,7
3177,32
3178,11
3179,45
3180,9
3181,307
3182,406
3183,121
3184,217
3185,179
3186,72
3187,339
3188,503
3189,15
3190,58
3191,67
3192,35
3193,261
3194,294
3195,1
3196,139
3197,204
3198,56
3199,298
3200,154
3201,21
3202,33
3203,440
3204,9
3205,183
3206,138
3207,26
3208,75
3209,220
3210,270
3211,214
3212,2
3213,68
3214,18
3215,191
3216,195
3217,21
3218,22
3219,81
3220,280
3221,421
3222,3
3223,37
3224,240
3225,111
3226,-15
3227,65
3228,14
3229,63
3230,60
3231,10
3232,143
3233,194
3234,204
3235,9
3236,108
3237,101
3238,186
3239,101
3240,15
3241,92
3242,12
3243,109
3244,236
3245,163
3246,240
3247,431
3248,229
3249,599
3250,117
3251,99
3252,211
3253,734
3254,35
3255,7
3256,103
3257,434
3258,324
3259,339
3260,336
3261,60
3262,240
3263,353
3264,46
3265,12
3266,98
3267,118
3268,5
3269,612
3270,1
3271,35
3272,258
3273,72
3274,69
3275,218
3276,121
3277,180
3278,48
3279,13
3280,158
3281,16
3282,194
3283,118
3284,68
3285,19
3286,89
3287,40
3288,10
3289,166
3290,283
3291,77
3292,166
3293,128
3294,372
3295,277
3296,690
3297,439
3298,164
3299,401
3300,110
3301,124
3302,199
3303,6
3304,468
3305,309
3306,48
3307,207
3308,294
3309,99
3310,266
3311,174
3312,7
3313,264
3314,120
3315,192
3316,366
3317,96
3318,0
3319,155
3320,3
3321,497
3322,169
3323,113
3324,175
3325,732
3326,108
3327,10
3328,19
3329,4
3330,131
3331,159
3332,4
3333,37
3334,106
3335,371
3336,485
3337,97
3338,6
3339,25
3340,40
3341,15
3342,112
3343,44
3344,-2
3345,13
3346,18
3347,30
3348,425
3349,738
3350,93
3351,81
3352,186
3353,294
3354,554
3355,12
3356,148
3357,6
3358,688
3359,199
3360,4
3361,184
3362,108
3363,114
3364,253
3365,46
3366,242
3367,230
3368,186
3369,193
3370,243
3371,357
3372,111
3373,188
3374,750
3375,86
3376,14
3377,7
3378,159
3379,381
3380,5
3381,115
3382,222
3383,138
3384,108
3385,409
3386,-3
3387,152
3388,117
3389,749
3390,5
3391,395
3392,286
3393,192
3394,84
3395,7
3396,177
3397,634
3398,55
3399,309
3400,184
3401,196
3402,314
3403,280
3404,447
3405,210
3406,22
3407,13
3408,60
3409,41
3410,407
3411,221
3412,20
3413,59
3414,38
3415,142
3416,766
3417,212
3418,221
3419,551
3420,-3
3421,35
3422,1
3423,280
3424,197
3425,234
3426,209
3427,16
3428,21
3429,293
3430,150
3431,359
3432,9
3433,140
3434,9
3435,299
3436,142
3437,8
3438,406
3439,146
3440,127
3441,192
3442,156
3443,466
3444,-5
3445,197
3446,35
3447,131
3448,180
3449,342
3450,208
3451,116
3452,170
3453,10
3454,107
3455,246
3456,47
3457,293
3458,325
3459,79
3460,182
3461,42
3462,337
3463,238
3464,422
3465,112
3466,19
3467,35
3468,201
3469,80
3470,164
3471,4
3472,643
3473,177
3474,62
3475,128
3476,-8
3477,25
3478,168
3479,319
3480,246
3481,13
3482,6
3483,391
3484,285
3485,212
3486,42
3487,163
3488,518
3489,23
3490,339
3491,62
3492,11
3493,24
3494,7
3495,72
3496,57
3497,15
3498,8
3499,152
3500,389
3501,183
3502,62
3503,213
3504,358
3505,104
3506,383
3507,27
3508,110
3509,203
3510,2
3511,70
3512,33
3513,236
3514,71
3515,8
3516,212
3517,302
3518,210
3519,61
3520,499
3521,61
3522,652
3523,38
3524,172
3525,308
3526,312
3527,143
3528,13
3529,22
3530,123
3531,162
3532,293
3533,226
3534,94
3535,226
3536,209
3537,230
3538,378
3539,9
3540,521
3541,-11
3542,129
3543,256
3544,37
3545,-1
3546,102
3547,928
3548,9
3549,4
3550,17
3551,618
3552,20
3553,25
3554,397
3555,15
3556,185
3557,115
3558,3
3559,395
3560,13
3561,171
3562,80
3563,475
3564,612
3565,13
3566,235
3567,468
3568,261
3569,24
3570,278
3571,218
3572,158
3573,655
3574,290
3575,-24
3576,7
3577,175
3578,233
3579,178
3580,232
3581,207
3582,276
3583,12
3584,813
3585,87
3586,30
3587,24
3588,58
3589,72
3590,15
3591,18
3592,10
3593,201
3594,35
3595,175
3596,16
3597,75
3598,59
3599,223
3600,384
3601,445
3602,282
3603,137
3604,37
3605,210
3606,141
3607,397
3608,90
3609,22
3610,928
3611,371
3612,95
3613,136
3614,171
3615,484
3616,451
3617,167
3618,13
3619,-70
3620,199
3621,412
3622,8
3623,8
3624,33
3625,249
3626,88
3627,138
3628,87
3629,76
3630,45
3631,317
3632,424
3633,39
3634,18
3635,557
3636,147
3637,40
3638,90
3639,41
3640,155
3641,55
3642,218
3643,95
3644,215
3645,535
3646,180
3647,158
3648,276
3649,441
3650,258
3651,81
3652,1
3653,107
3654,44
3655,222
3656,-7
3657,10
3658,125
3659,9
3660,476
3661,47
3662,-2
3663,75
3664,361
3665,14
3666,264
3667,83
3668,62
3669,373
3670,294
3671,111
3672,11
3673,-7
3674,223
3675,1
3676,226
3677,22
3678,14
3679,54
3680,25
3681,227
3682,-11
3683,304
3684,48
3685,202
3686,52
3687,223
3688,54
3689,216
3690,16
3691,181
3692,77
3693,654
3694,241
3695,153
3696,404
3697,243
3698,545
3699,23
3700,15
3701,29
3702,429
3703,12
3704,401
3705,26
3706,86
3707,643
3708,20
3709,4
3710,30
3711,299
3712,13
3713,553
3714,325
3715,250
3716,49
3717,104
3718,134
3719,3
3720,195
3721,195
3722,475
3723,279
3724,180
3725,266
3726,49
3727,620
3728,171
3729,121
3730,299
3731,16
3732,365
3733,288
3734,50
3735,664
3736,36
3737,163
3738,607
3739,41
3740,145
3741,97
3742,10
3743,86
3744,110
3745,397
3746,323
3747,80
3748,7
3749,140
3750,149
3751,58
3752,11
3753,146
3754,13
3755,156
3756,279
3757,74
3758,639
3759,226
3760,51
3761,334
3762,109
3763,44
3764,562
3765,81
3766,29
3767,46
3768,178
3769,259
3770,283
3771,35
3772,11
3773,15
3774,28
3775,109
3776,12
3777,6
3778,362
3779,184
3780,6
3781,569
3782,226
3783,297
3784,72
3785,164
3786,399
3787,5
3788,478
3789,166
3790,89
3791,274
3792,443
3793,357
3794,61
3795,54
3796,4
3797,6
3798,516
3799,347
3800,86
3801,223
3802,111
3803,152
3804,20
3805,328
3806,211
3807,317
3808,641
3809,31
3810,341
3811,83
3812,200
3813,15
3814,7
3815,107
3816,88
3817,18
3818,11
3819,64
3820,166
3821,141
3822,184
3823,358
3824,134
3825,126
3826,444
3827,286
3828,585
3829,225
3830,3
3831,139
3832,359
3833,235
3834,142
3835,6
3836,237
3837,115
3838,806
3839,60
3840,77
3841,113
3842,25
3843,164
3844,275
3845,166
3846,7
3847,131
3848,262
3849,282
3850,329
3851,98
3852,68
3853,95
3854,61
3855,514
3856,413
3857,8
3858,860
3859,176
3860,104
3861,578
3862,110
3863,926
3864,83
3865,59
3866,179
3867,22
3868,410
3869,59
3870,86
3871,172
3872,356
3873,43
3874,275
3875,224
3876,33
3877,7
3878,435
3879,393
3880,523
3881,0
3882,259
3883,94
3884,184
3885,2
3886,537
3887,119
3888,256
3889,82
3890,197
3891,152
3892,170
3893,116
3894,88
3895,28
3896,94
3897,84
3898,163
3899,188
3900,131
3901,466
3902,650
3903,200
3904,31
3905,322
3906,2
3907,47
3908,239
3909,7
3910,248
3911,28
3912,72
3913,363
3914,640
3915,72
3916,21
3917,559
3918,102
3919,51
3920,172
3921,14
3922,147
3923,37
3924,187
3925,188
3926,243
3927,146
3928,348
3929,624
3930,292
3931,319
3932,653
3933,94
3934,118
3935,3
3936,80
3937,229
3938,155
3939,264
3940,85
3941,220
3942,467
3943,404
3944,263
3945,522
3946,54
3947,261
3948,50
3949,376
3950,58
3951,243
3952,1
3953,5
3954,9
3955,239
3956,213
3957,197
3958,0
3959,13
3960,199
3961,294
3962,119
3963,49
3964,24
3965,22
3966,695
3967,537
3968,235
3969,31
3970,407
3971,227
3972,-4
3973,670
3974,227
3975,157
3976,188
3977,507
3978,155
3979,454
3980,209
3981,54
3982,150
3983,225
3984,174
3985,35
3986,579
3987,55
3988,9
3989,23
3990,108
3991,186
3992,139
3993,546
3994,164
3995,590
3996,94
3997,130
3998,6
3999,37
4000,180
4001,367
4002,75
4003,51
4004,118
4005,890
4006,29
4007,110
4008,208
4009,352
4010,92
4011,146
4012,313
4013,201
4014,118
4015,170
4016,364
4017,9
4018,127
4019,452
4020,204
4021,23
4022,81
4023,289
4024,235
4025,140
4026,130
4027,236
4028,107
4029,344
4030,87
4031,460
4032,25
4033,327
4034,382
4035,10
4036,671
4037,249
4038,292
4039,86
4040,241
4041,171
4042,79
4043,351
4044,122
4045,31
4046,348
4047,589
4048,22
4049,28
4050,291
4051,248
4052,453
4053,28
4054,364
4055,198
4056,234
4057,30
4058,154
4059,154
4060,162
4061,32
4062,230
4063,168
4064,57
4065,197
4066,384
4067,260
4068,372
4069,16
4070,672
4071,155
4072,67
4073,338
4074,77
4075,219
4076,298
4077,450
4078,595
4079,425
4080,249
4081,393
4082,129
4083,33
4084,7
4085,68
4086,26
4087,13
4088,14
4089,398
4090,705
4091,480
4092,46
4093,112
4094,409
4095,335
4096,231
4097,20
4098,150
4099,674
4100,573
4101,166
4102,216
4103,95
4104,12
4105,418
4106,5
4107,10
4108,17
4109,417
4110,774
4111,111
4112,24
4113,23
4114,211
4115,1
4116,466
4117,61
4118,369
4119,125
4120,107
4121,377
4122,273
4123,374
4124,159
4125,193
4126,6
4127,220
4128,37
4129,395
4130,15
4131,153
4132,90
4133,483
4134,90
4135,233
4136,239
4137,33
4138,10
4139,121
4140,28
4141,59
4142,90
4143,334
4144,192
4145,-11
4146,35
4147,175
4148,368
4149,243
4150,150
4151,68
4152,62
4153,540
4154,577
4155,144
4156,239
4157,25
4158,86
4159,8
4160,651
4161,17
4162,320
4163,209
4164,324
4165,19
4166,197
4167,408
4168,195
4169,204
4170,217
4171,109
4172,492
4173,19
4174,395
4175,18
4176,729
4177,392
4178,68
4179,15
4180,287
4181,266
4182,34
4183,116
4184,71
4185,-1
4186,120
4187,406
4188,420
4189,313
4190,213
4191,337
4192,9
4193,104
4194,162
4195,149
4196,28
4197,256
4198,83
4199,169
4200,49
4201,22
4202,296
4203,247
4204,293
4205,161
4206,7
4207,289
4208,43
4209,44
4210,196
4211,122
4212,17
4213,111
4214,121
4215,4
4216,494
4217,231
4218,19
4219,184
4220,373
4221,380
4222,91
4223,116
4224,315
4225,74
4226,70
4227,120
4228,114
4229,34
4230,-8
4231,43
4232,247
4233,15
4234,397
4235,246
4236,40
4237,19
4238,125
4239,188
4240,76
4241,36
4242,9
4243,107
4244,460
4245,54
4246,165
4247,198
4248,49
4249,55
4250,0
4251,35
4252,202
4253,99
4254,370
4255,16
4256,92
4257,591
4258,285
4259,419
4260,149
4261,353
4262,27
4263,8
4264,435
4265,83
4266,315
4267,10
4268,77
4269,286
4270,9
4271,-7
4272,65
4273,629
4274,74
4275,179
4276,13
4277,336
4278,-1
4279,102
4280,327
4281,152
4282,16
4283,13
4284,87
4285,11
4286,304
4287,408
4288,18
4289,145
4290,24
4291,514
4292,480
4293,200
4294,407
4295,558
4296,119
4297,27
4298,11
4299,220
4300,310
4301,414
4302,52
4303,26
4304,150
4305,510
4306,13
4307,7
4308,68
4309,335
4310,136
4311,164
4312,645
4313,312
4314,109
4315,18
4316,651
4317,56
4318,260
4319,16
4320,58
4321,297
4322,99
4323,-9
4324,14
4325,137
4326,36
4327,459
4328,19
4329,25
4330,655
4331,44
4332,239
4333,3
4334,72
4335,38
4336,48
4337,121
4338,521
4339,584
4340,216
4341,44
4342,457
4343,4
4344,55
4345,46
4346,670
4347,239
4348,196
4349,19
4350,87
4351,463
4352,5
4353,217
4354,109
4355,184
4356,52
4357,346
4358,9
4359,374
4360,90
4361,152
4362,253
4363,8
4364,10
4365,127
4366,140
4367,38
4368,25
4369,321
4370,676
4371,259
4372,265
4373,65
4374,87
4375,9
4376,82
4377,195
4378,11
4379,59
4380,248
4381,82
4382,116
4383,356
4384,174
4385,286
4386,135
4387,116
4388,89
4389,15
4390,234
4391,348
4392,-4
4393,154
4394,42
4395,6
4396,211
4397,3
4398,51
4399,62
4400,284
4401,195
4402,484
4403,20
4404,168
4405,16
4406,41
4407,58
4408,165
4409,213
4410,259
4411,319
4412,140
4413,32
4414,11
4415,121
4416,88
4417,686
4418,111
4419,130
4420,279
4421,751
4422,87
4423,648
4424,360
4425,-1
4426,18
4427,9
4428,83
4429,147
4430,150
4431,644
4432,24
4433,-5
4434,639
4435,127
4436,5
4437,110
4438,259
4439,0
4440,296
4441,213
4442,410
4443,272
4444,10
4445,431
4446,64
4447,193
4448,19
4449,28
4450,149
4451,384
4452,129
4453,187
4454,69
4455,475
4456,42
4457,2
4458,10
4459,142
4460,292
4461,499
4462,12
4463,38
4464,54
4465,508
4466,22
4467,241
4468,199
4469,37
4470,166
4471,190
4472,2
4473,16
4474,9
4475,68
4476,200
4477,198
4478,106
4479,7
4480,20
4481,149
4482,168
4483,423
4484,71
4485,0
4486,9
4487,253
4488,42
4489,8
4490,192
4491,149
4492,19
4493,21
4494,166
4495,204
4496,121
4497,175
4498,9
4499,290
4500,301
4501,686
4502,297
4503,356
4504,196
4505,131
4506,285
4507,4
4508,141
4509,339
4510,536
4511,286
4512,294
4513,27
4514,0
4515,274
4516,171
4517,212
4518,116
4519,103
4520,34
4521,68
4522,164
4523,32
4524,249
4525,751
4526,23
4527,15
4528,433
4529,204
4530,209
4531,-10
4532,72
4533,33
4534,115
4535,30
4536,52
4537,293
4538,162
4539,9
4540,25
4541,363
4542,231
4543,406
4544,22
4545,509
4546,58
4547,104
4548,253
4549,64
4550,28
4551,77
4552,246
4553,37
4554,167
4555,105
4556,683
4557,298
4558,199
4559,6
4560,136
4561,17
4562,36
4563,399
4564,511
4565,139
4566,33
4567,189
4568,8
4569,5
4570,84
4571,95
4572,273
4573,361
4574,216
4575,220
4576,142
4577,149
4578,438
4579,102
4580,325
4581,390
4582,93
4583,19
4584,473
4585,318
4586,28
4587,65
4588,10
4589,119
4590,-10
4591,285
4592,231
4593,3
4594,108
4595,804
4596,239
4597,30
4598,431
4599,106
4600,7
4601,115
4602,309
4603,280
4604,5
4605,0
4606,132
4607,323
4608,419
4609,286
4610,310
4611,302
4612,248
4613,260
4614,72
4615,51
4616,2
4617,149
4618,7
4619,15
4620,74
4621,12
4622,245
4623,7
4624,157
4625,57
4626,122
4627,359
4628,9
4629,16
4630,218
4631,201
4632,601
4633,424
4634,106
4635,51
4636,335
4637,501
4638,227
4639,43
4640,306
4641,277
4642,22
4643,56
4644,202
4645,125
4646,104
4647,734
4648,171
4649,190
4650,223
4651,410
4652,167
4653,170
4654,3
4655,152
4656,78
4657,4
4658,150
4659,381
4660,7
4661,420
4662,4
4663,16
4664,146
4665,27
4666,311
4667,43
4668,146
4669,18
4670,139
4671,154
4672,203
4673,302
4674,6
4675,94
4676,11
4677,211
4678,9
4679,218
4680,421
4681,589
4682,639
4683,106
4684,180
4685,137
4686,337
4687,200
4688,112
4689,721
4690,10
4691,99
4692,263
4693,9
4694,210
4695,171
4696,591
4697,110
4698,62
4699,0
4700,192
4701,16
4702,753
4703,192
4704,278
4705,11
4706,823
4707,350
4708,25
4709,227
4710,6
4711,338
4712,203
4713,12
4714,46
4715,168
4716,85
4717,299
4718,138
4719,117
4720,133
4721,8
4722,50
4723,33
4724,-4
4725,402
4726,15
4727,510
4728,77
4729,195
4730,789
4731,440
4732,16
4733,175
4734,3
4735,324
4736,227
4737,11
4738,91
4739,343
4740,58
4741,230
4742,27
4743,15
4744,74
4745,170
4746,227
4747,176
4748,11
4749,4
4750,430
4751,295
4752,81
4753,109
4754,31
4755,810
4756,415
4757,142
4758,97
4759,7
4760,427
4761,149
4762,624
4763,128
4764,344
4765,21
4766,359
4767,49
4768,133
4769,7
4770,146
4771,457
4772,226
4773,33
4774,360
4775,10
4776,397
4777,510
4778,466
4779,650
4780,-5
4781,23
4782,262
4783,360
4784,256
4785,154
4786,130
4787,241
4788,11
4789,163
4790,143
4791,264
4792,496
4793,20
4794,126
4795,417
4796,147
4797,476
4798,27
4799,124
4800,136
4801,189
4802,28
4803,24
4804,188
4805,747
4806,72
4807,464
4808,347
4809,17
4810,361
4811,259
4812,115
4813,215
4814,198
4815,61
4816,237
4817,178
4818,187
4819,236
4820,231
4821,351
4822,472
4823,335
4824,65
4825,445
4826,10
4827,103
4828,148
4829,312
4830,464
4831,14
4832,19
4833,172
4834,65
4835,-15
4836,16
4837,12
4838,13
4839,8
4840,8
4841,64
4842,448
4843,61
4844,25
4845,119
4846,30
4847,75
4848,116
4849,503
4850,543
4851,238
4852,238
4853,93
4854,817
4855,257
4856,326
4857,294
4858,153
4859,150
4860,14
4861,35
4862,3
4863,368
4864,42
4865,185
4866,18
4867,349
4868,159
4869,73
4870,507
4871,26
4872,253
4873,192
4874,40
4875,106
4876,82
4877,491
4878,11
4879,12
4880,120
4881,8
4882,225
4883,8
4884,15
4885,207
4886,42
4887,60
4888,162
4889,28
4890,75
4891,179
4892,151
4893,72
4894,3
4895,94
4896,6
4897,195
4898,12
4899,132
4900,168
4901,167
4902,150
4903,51
4904,155
4905,280
4906,237
4907,338
4908,156
4909,221
4910,133
4911,9
4912,97
4913,259
4914,344
4915,649
4916,85
4917,-4
4918,90
4919,242
4920,479
4921,23
4922,157
4923,174
4924,13
4925,382
4926,285
4927,125
4928,368
4929,-3
4930,37
4931,21
4932,154
4933,94
4934,46
4935,108
4936,267
4937,223
4938,74
4939,302
4940,178
4941,267
4942,2
4943,48
4944,251
4945,344
4946,155
4947,176
4948,21
4949,6
4950,195
4951,556
4952,24
4953,124
4954,16
4955,237
4956,124
4957,8
4958,95
4959,176
4960,795
4961,168
4962,10
4963,410
4964,230
4965,277
4966,99
4967,207
4968,491
4969,284
4970,282
4971,62
4972,162
4973,263
4974,-4
4975,453
4976,149
4977,186
4978,547
4979,221
4980,24
4981,14
4982,4
4983,76
4984,145
4985,835
4986,377
4987,19
4988,53
4989,330
4990,135
4991,185
4992,355
4993,40
4994,148
4995,91
4996,36
4997,458
4998,233
4999,32
5000,181
5001,60
5002,769
5003,6
5004,59
5005,110
5006,27
5007,131
5008,274
5009,34
5010,314
5011,77
5012,30
5013,403
5014,55
5015,322
5016,8
5017,120
5018,183
5019,158
5020,792
5021,187
5022,0
5023,220
5024,1
5025,102
5026,262
5027,202
5028,14
5029,295
5030,165
5031,279
5032,69
5033,83
5034,139
5035,94
5036,179
5037,172
5038,345
5039,625
5040,51
5041,746
5042,308
5043,231
5044,16
5045,518
5046,56
5047,133
5048,35
5049,114
5050,267
5051,137
5052,216
5053,91
5054,155
5055,128
5056,299
5057,195
5058,28
5059,152
5060,260
5061,423
5062,25
5063,446
5064,282
5065,163
5066,361
5067,481
5068,259
5069,339
5070,60
5071,90
5072,38
5073,13
5074,831
5075,300
5076,89
5077,155
5078,210
5079,358
5080,4
5081,328
5082,160
5083,119
5084,337
5085,59
5086,233
5087,206
5088,94
5089,354
5090,693
5091,83
5092,15
5093,10
5094,42
5095,186
5096,27
5097,241
5098,101
5099,170
5100,65
5101,-3
5102,204
5103,218
5104,237
5105,16
5106,394
5107,29
5108,179
5109,52
5110,5
5111,349
5112,412
5113,516
5114,607
5115,183
5116,162
5117,8
5118,204
5119,204
5120,124
5121,-1
5122,172
5123,128
5124,460
5125,113
5126,2
5127,180
5128,55
5129,20
5130,234
5131,72
5132,332
5133,2
5134,92
5135,36
5136,281
5137,395
5138,82
5139,163
5140,170
5141,105
5142,86
5143,300
5144,223
5145,117
5146,371
5147,7
5148,147
5149,102
5150,184
5151,149
5152,342
5153,24
5154,26
5155,432
5156,40
5157,72
5158,288
5159,82
5160,420
5161,70
5162,185
5163,5
5164,500
5165,300
5166,80
5167,10
5168,174
5169,1
5170,381
5171,9
5172,436
5173,112
5174,116
5175,632
5176,43
5177,43
5178,794
5179,83
5180,293
5181,32
5182,132
5183,157
5184,181
5185,293
5186,45
5187,587
5188,152
5189,32
5190,211
5191,69
5192,493
5193,399
5194,416
5195,97
5196,238
5197,350
5198,213
5199,454
5200,90
5201,87
5202,171
5203,398
5204,1
5205,442
5206,30
5207,145
5208,245
5209,302
5210,35
5211,116
5212,46
5213,732
